"key","en","ar","de"
"bottle-store_small-backpack","Put the bottle in the backpack.","ضع الزجاجة في حقيبة الظهر.",
"bottle-store_small-backpack__color__blue","Put the bottle in the blue backpack.","ضع الزجاجة في حقيبة الظهر الزرقاء.",
"bottle-store_small-backpack__color__red","Put the bottle in the red backpack.","ضع الزجاجة في حقيبة الظهر الحمراء.",
"bottle-store_medium-car","Put the bottle in the car.","ضع الزجاجة في السيارة.",
"bottle-store_medium-car__color__black","Put the bottle in the black car.","ضع الزجاجة في السيارة السوداء.",
"bottle-store_medium-car__color__blue","Put the bottle in the blue car.","ضع الزجاجة في السيارة الزرقاء.",
"bottle-store_medium-car__color__green","Put the bottle in the green car.","ضع الزجاجة في السيارة الخضراء.",
"bottle-store_medium-car__color__orange","Put the bottle in the orange car.","ضع الزجاجة في السيارة البرتقالية.",
"bottle-store_medium-car__color__pink","Put the bottle in the pink car.","ضع الزجاجة في السيارة الوردية.",
"bottle-store_medium-car__color__purple","Put the bottle in the purple car.","ضع الزجاجة في السيارة البنفسجية.",
"bottle-store_medium-car__color__red","Put the bottle in the red car.","ضع الزجاجة في السيارة الحمراء.",
"bottle-store_medium-car__color__silver","Put the bottle in the silver car.","ضع الزجاجة في السيارة الفضية.",
"bottle-store_medium-car__color__white","Put the bottle in the white car.","ضع الزجاجة في السيارة البيضاء.",
"bottle-store_medium-car__color__yellow","Put the bottle in the yellow car.","ضع الزجاجة في السيارة الصفراء.",
"bottle-store_medium-car__age__new","Put the bottle in the new car.","ضع الزجاجة في السيارة الجديدة.",
"bottle-store_medium-car__age__old","Put the bottle in the old car.","ضع الزجاجة في السيارة القديمة.",
"dog-store_medium-car","Put the dog in the car.","ضع الكلب في السيارة.",
"dog-store_medium-car__color__black","Put the dog in the black car.","ضع الكلب في السيارة السوداء.",
"dog__size__big-store_medium-car","Put the big dog in the car.","ضع الكلب الكبير في السيارة.",
"dog__size__big-store_medium-car__color__black","Put the big dog in the black car.","ضع الكلب الكبير في السيارة السوداء.",
"dog-store_medium-car__color__blue","Put the dog in the blue car.","ضع الكلب في السيارة الزرقاء.",
"dog__size__big-store_medium-car__color__blue","Put the big dog in the blue car.","ضع الكلب الكبير في السيارة الزرقاء.",
"dog-store_medium-car__color__green","Put the dog in the green car.","ضع الكلب في السيارة الخضراء.",
"dog__size__big-store_medium-car__color__green","Put the big dog in the green car.","ضع الكلب الكبير في السيارة الخضراء.",
"dog-store_medium-car__color__orange","Put the dog in the orange car.","ضع الكلب في السيارة البرتقالية.",
"dog__size__big-store_medium-car__color__orange","Put the big dog in the orange car.","ضع الكلب الكبير في السيارة البرتقالية.",
"dog-store_medium-car__color__pink","Put the dog in the pink car.","ضع الكلب في السيارة الوردية.",
"dog__size__big-store_medium-car__color__pink","Put the big dog in the pink car.","ضع الكلب الكبير في السيارة الوردية.",
"dog-store_medium-car__color__purple","Put the dog in the purple car.","ضع الكلب في السيارة الأرجوانية.",
"dog__size__big-store_medium-car__color__purple","Put the big dog in the purple car.","ضع الكلب الكبير في السيارة الأرجوانية.",
"dog-store_medium-car__color__red","Put the dog in the red car.","ضع الكلب في السيارة الحمراء.",
"dog__size__big-store_medium-car__color__red","Put the big dog in the red car.","ضع الكلب الكبير في السيارة الحمراء.",
"dog-store_medium-car__color__silver","Put the dog in the silver car.","ضع الكلب في السيارة الفضية.",
"dog__size__big-store_medium-car__color__silver","Put the big dog in the silver car.","ضع الكلب الكبير في السيارة الفضية.",
"dog-store_medium-car__color__white","Put the dog in the white car.","ضع الكلب في السيارة البيضاء.",
"dog__size__big-store_medium-car__color__white","Put the big dog in the white car.","ضع الكلب الكبير في السيارة البيضاء.",
"dog-store_medium-car__color__yellow","Put the dog in the yellow car.","ضع الكلب في السيارة الصفراء.",
"dog__size__big-store_medium-car__color__yellow","Put the big dog in the yellow car.","ضع الكلب الكبير في السيارة الصفراء.",
"dog-store_medium-car__age__new","Put the dog in the new car.","ضع الكلب في السيارة الجديدة.",
"dog__size__big-store_medium-car__age__new","Put the big dog in the new car.","ضع الكلب الكبير في السيارة الجديدة.",
"dog-store_medium-car__age__old","Put the dog in the old car.","ضع الكلب في السيارة القديمة.",
"dog__size__big-store_medium-car__age__old","Put the big dog in the old car.","ضع الكلب الكبير في السيارة القديمة.",
"dog__size__small-store_medium-car","Put the small dog in the car.","ضع الكلب الصغير في السيارة.",
"dog__size__small-store_medium-car__color__black","Put the small dog in the black car.","ضع الكلب الصغير في السيارة السوداء.",
"dog__size__small-store_medium-car__color__blue","Put the small dog in the blue car.","ضع الكلب الصغير في السيارة الزرقاء.",
"dog__size__small-store_medium-car__color__green","Put the small dog in the green car.","ضع الكلب الصغير في السيارة الخضراء.",
"dog__size__small-store_medium-car__color__orange","Put the small dog in the orange car.","ضع الكلب الصغير في السيارة البرتقالية.",
"dog__size__small-store_medium-car__color__pink","Put the small dog in the pink car.","ضع الكلب الصغير في السيارة الوردية.",
"dog__size__small-store_medium-car__color__purple","Put the small dog in the purple car.","ضع الكلب الصغير في السيارة البنفسجية.",
"dog__size__small-store_medium-car__color__red","Put the small dog in the red car.","ضع الكلب الصغير في السيارة الحمراء.",
"dog__size__small-store_medium-car__color__silver","Put the small dog in the silver car.","ضع الكلب الصغير في السيارة الفضية.",
"dog__size__small-store_medium-car__color__white","Put the small dog in the white car.","ضع الكلب الصغير في السيارة البيضاء.",
"dog__size__small-store_medium-car__color__yellow","Put the small dog in the yellow car.","ضع الكلب الصغير في السيارة الصفراء.",
"dog__size__small-store_medium-car__age__new","Put the small dog in the new car.","ضع الكلب الصغير في السيارة الجديدة.",
"dog__size__small-store_medium-car__age__old","Put the small dog in the old car.","ضع الكلب الصغير في السيارة القديمة.",
"notebook-store_small-backpack","Put the notebook in the backpack.","ضع الدفتر في حقيبة الظهر.",
"notebook-store_small-backpack__color__blue","Put the notebook in the blue backpack.","ضع الدفتر في حقيبة الظهر الزرقاء.",
"notebook-store_small-backpack__color__red","Put the notebook in the red backpack.","ضع الدفتر في حقيبة الظهر الحمراء.",
"notebook-store_medium-car","Put the notebook in the car.","ضع الدفتر في السيارة.",
"notebook-store_medium-car__color__black","Put the notebook in the black car.","ضع الدفتر في السيارة السوداء.",
"notebook-store_medium-car__color__blue","Put the notebook in the blue car.","ضع الدفتر في السيارة الزرقاء.",
"notebook-store_medium-car__color__green","Put the notebook in the green car.","ضع الدفتر في السيارة الخضراء.",
"notebook-store_medium-car__color__orange","Put the notebook in the orange car.","ضع الدفتر في السيارة البرتقالية.",
"notebook-store_medium-car__color__pink","Put the notebook in the pink car.","ضع الدفتر في السيارة الوردية.",
"notebook-store_medium-car__color__purple","Put the notebook in the purple car.","ضع الدفتر في السيارة البنفسجية.",
"notebook-store_medium-car__color__red","Put the notebook in the red car.","ضع الدفتر في السيارة الحمراء.",
"notebook-store_medium-car__color__silver","Put the notebook in the silver car.","ضع الدفتر في السيارة الفضية.",
"notebook-store_medium-car__color__white","Put the notebook in the white car.","ضع الدفتر في السيارة البيضاء.",
"notebook-store_medium-car__color__yellow","Put the notebook in the yellow car.","ضع الدفتر في السيارة الصفراء.",
"notebook-store_medium-car__age__new","Put the notebook in the new car.","ضع الدفتر في السيارة الجديدة.",
"notebook-store_medium-car__age__old","Put the notebook in the old car.","ضع الدفتر في السيارة القديمة.",
"shirt-store_small-backpack__color__red","Put the shirt in the red backpack.","ضع القميص في الحقيبة الحمراء.",
"shirt-store_medium-car","Put the shirt in the car.","ضع القميص في السيارة.",
"shirt-store_medium-car__color__black","Put the shirt in the black car.","ضع القميص في السيارة السوداء.",
"shirt-store_medium-car__color__blue","Put the shirt in the blue car.","ضع القميص في السيارة الزرقاء.",
"shirt-store_medium-car__color__green","Put the shirt in the green car.","ضع القميص في السيارة الخضراء.",
"shirt-store_medium-car__color__orange","Put the shirt in the orange car.","ضع القميص في السيارة البرتقالية.",
"shirt-store_medium-car__color__pink","Put the shirt in the pink car.","ضع القميص في السيارة الوردية.",
"shirt-store_medium-car__color__purple","Put the shirt in the purple car.","ضع القميص في السيارة البنفسجية.",
"shirt-store_medium-car__color__red","Put the shirt in the red car.","ضع القميص في السيارة الحمراء.",
"shirt-store_medium-car__color__silver","Put the shirt in the silver car.","ضع القميص في السيارة الفضية.",
"shirt-store_medium-car__color__white","Put the shirt in the white car.","ضع القميص في السيارة البيضاء.",
"shirt-store_medium-car__color__yellow","Put the shirt in the yellow car.","ضع القميص في السيارة الصفراء.",
"shirt-store_medium-car__age__new","Put the shirt in the new car.","ضع القميص في السيارة الجديدة.",
"shirt-store_medium-car__age__old","Put the shirt in the old car.","ضع القميص في السيارة القديمة.",
"shoes-store_small-backpack","Put the shoes in the backpack.","ضع الحذاء في حقيبة الظهر.",
"shoes-store_small-backpack__color__blue","Put the shoes in the blue backpack.","ضع الحذاء في حقيبة الظهر الزرقاء.",
"shoes-store_small-backpack__color__red","Put the shoes in the red backpack.","ضع الحذاء في حقيبة الظهر الحمراء.",
"shoes-store_medium-car","Put the shoes in the car.","ضع الحذاء في السيارة.",
"shoes-store_medium-car__color__black","Put the shoes in the black car.","ضع الحذاء في السيارة السوداء.",
"shoes-store_medium-car__color__blue","Put the shoes in the blue car.","ضع الحذاء في السيارة الزرقاء.",
"shoes-store_medium-car__color__green","Put the shoes in the green car.","ضع الحذاء في السيارة الخضراء.",
"shoes-store_medium-car__color__orange","Put the shoes in the orange car.","ضع الحذاء في السيارة البرتقالية.",
"shoes-store_medium-car__color__pink","Put the shoes in the pink car.","ضع الحذاء في السيارة الوردية.",
"shoes-store_medium-car__color__purple","Put the shoes in the purple car.","ضع الحذاء في السيارة البنفسجية.",
"shoes-store_medium-car__color__red","Put the shoes in the red car.","ضع الحذاء في السيارة الحمراء.",
"shoes-store_medium-car__color__silver","Put the shoes in the silver car.","ضع الحذاء في السيارة الفضية.",
"shoes-store_medium-car__color__white","Put the shoes in the white car.","ضع الحذاء في السيارة البيضاء.",
"shoes-store_medium-car__color__yellow","Put the shoes in the yellow car.","ضع الحذاء في السيارة الصفراء.",
"shoes-store_medium-car__age__new","Put the shoes in the new car.","ضع الحذاء في السيارة الجديدة.",
"shoes-store_medium-car__age__old","Put the shoes in the old car.","ضع الحذاء في السيارة القديمة.",
"you-get_in-car__color__blue","Get in the blue car.","اركب السيارة الزرقاء.",
"you-get_in-car__color__green","Get in the green car.","اركب السيارة الخضراء.",
"you-get_in-car__color__orange","Get in the orange car.","اركب السيارة البرتقالية.",
"you-get_in-car__color__pink","Get in the pink car.","اركب السيارة الوردية.",
"you-get_in-car__color__purple","Get in the purple car.","اركب السيارة البنفسجية.",
"you-get_in-car__color__red","Get in the red car.","اركب السيارة الحمراء.",
"you-get_in-car__color__silver","Get in the silver car.","اركب السيارة الفضية.",
"you-get_in-car__color__white","Get in the white car.","اركب السيارة البيضاء.",
"you-get_in-car__color__yellow","Get in the yellow car.","اركب السيارة الصفراء.",
"you-get_in-car__age__old","Get in the old car.","اركب السيارة القديمة.",
"apple-store_small-backpack",,,
"apple-store_small-backpack__color__blue",,,
"apple-store_small-backpack__color__red",,,
"apple-put_in_bowl-bowl","Put the apple in the bowl.",,
"apple-store_small-box_opened",,,
"apple-store_small-cupboard",,,
"apple-store_small-shopping_cart","Put the apple in the shopping cart.",,
"apple-store_small-suitcase",,,
"apple-store_small-suitcase__color__white",,,
"apple-store_small-suitcase__color__blue",,,
"apple-eat-you","Eat the apple.",,
"apple_half-store_small-backpack",,,
"apple_half-store_small-backpack__color__blue",,,
"apple_half-store_small-backpack__color__red",,,
"apple_half-put_in_bowl-bowl",,,
"apple_half-store_small-box_opened",,,
"apple_half-store_small-cupboard",,,
"apple_half-store_small-shopping_cart",,,
"apple_half-store_small-suitcase",,,
"apple_half-store_small-suitcase__color__white",,,
"apple_half-store_small-suitcase__color__blue",,,
"apple_half-eat-you",,,
"avocado-store_small-backpack",,,
"avocado-store_small-backpack__color__blue",,,
"avocado-store_small-backpack__color__red",,,
"avocado-put_in_bowl-bowl","Put the avocado in the bowl.",,
"avocado-store_small-box_opened",,,
"avocado-store_small-cupboard",,,
"avocado-store_small-shopping_cart","Put the avocado in the shopping cart.",,
"avocado-store_small-suitcase",,,
"avocado-store_small-suitcase__color__white",,,
"avocado-store_small-suitcase__color__blue",,,
"avocado-eat-you","Eat the avocado.",,
"avocado_cut-store_small-backpack",,,
"avocado_cut-store_small-backpack__color__blue",,,
"avocado_cut-store_small-backpack__color__red",,,
"avocado_cut-put_in_bowl-bowl",,,
"avocado_cut-store_small-box_opened",,,
"avocado_cut-store_small-cupboard",,,
"avocado_cut-store_small-shopping_cart",,,
"avocado_cut-store_small-suitcase",,,
"avocado_cut-store_small-suitcase__color__white",,,
"avocado_cut-store_small-suitcase__color__blue",,,
"avocado_cut-eat-you",,,
"backpack-store_medium-car","Put the backpack in the car.",,
"backpack-store_medium-car__color__black","Put the backpack in the black car.",,
"backpack__color__blue-store_medium-car","Put the blue backpack in the car.",,
"backpack__color__blue-store_medium-car__color__black","Put the blue backpack in the black car.",,
"backpack-store_medium-car__color__blue","Put the backpack in the blue car.",,
"backpack__color__blue-store_medium-car__color__blue","Put the blue backpack in the blue car.",,
"backpack-store_medium-car__color__green","Put the backpack in the green car.",,
"backpack__color__blue-store_medium-car__color__green","Put the blue backpack in the green car.",,
"backpack-store_medium-car__color__orange","Put the backpack in the orange car.",,
"backpack__color__blue-store_medium-car__color__orange","Put the blue backpack in the orange car.",,
"backpack-store_medium-car__color__pink","Put the backpack in the pink car.",,
"backpack__color__blue-store_medium-car__color__pink","Put the blue backpack in the pink car.",,
"backpack-store_medium-car__color__purple","Put the backpack in the purple car.",,
"backpack__color__blue-store_medium-car__color__purple","Put the blue backpack in the purple car.",,
"backpack-store_medium-car__color__red","Put the backpack in the red car.",,
"backpack__color__blue-store_medium-car__color__red","Put the blue backpack in the red car.",,
"backpack-store_medium-car__color__silver","Put the backpack in the silver car.",,
"backpack__color__blue-store_medium-car__color__silver","Put the blue backpack in the silver car.",,
"backpack-store_medium-car__color__white","Put the backpack in the white car.",,
"backpack__color__blue-store_medium-car__color__white","Put the blue backpack in the white car.",,
"backpack-store_medium-car__color__yellow","Put the backpack in the yellow car.",,
"backpack-store_medium-car__age__new","Put the backpack in the new car.",,
"backpack__color__blue-store_medium-car__color__yellow","Put the blue backpack in the yellow car.",,
"backpack__color__blue-store_medium-car__age__new","Put the blue backpack in the new car.",,
"backpack-store_medium-car__age__old","Put the backpack in the old car.",,
"backpack__color__blue-store_medium-car__age__old","Put the blue backpack in the old car.",,
"backpack__color__red-store_medium-car","Put the red backpack in the car.",,
"backpack__color__red-store_medium-car__color__black","Put the red backpack in the black car.",,
"backpack__color__red-store_medium-car__color__blue","Put the red backpack in the blue car.",,
"backpack__color__red-store_medium-car__color__green","Put the red backpack in the green car.",,
"backpack__color__red-store_medium-car__color__orange","Put the red backpack in the orange car.",,
"backpack__color__red-store_medium-car__color__pink","Put the red backpack in the pink car.",,
"backpack__color__red-store_medium-car__color__purple","Put the red backpack in the purple car.",,
"backpack__color__red-store_medium-car__color__red","Put the red backpack in the red car.",,
"backpack__color__red-store_medium-car__color__silver","Put the red backpack in the silver car.",,
"backpack__color__red-store_medium-car__color__white","Put the red backpack in the white car.",,
"backpack__color__red-store_medium-car__color__yellow","Put the red backpack in the yellow car.",,
"backpack__color__red-store_medium-car__age__new","Put the red backpack in the new car.",,
"backpack__color__red-store_medium-car__age__old","Put the red backpack in the old car.",,
"ball-give-boy","Give the ball to the boy.",,
"ball-give-brothers","Give the ball to the brothers.",,
"ball-give-couple",,,
"ball-give-family",,,
"ball-give-father_son",,,
"ball-give-man",,,
"ball-give-siblings",,,
"ball-give-sisters",,,
"ball-give-woman",,,
"ball-give-woman__position__standing",,,
"ball-give-woman__position__sitting",,,
"ball-give-woman__hair__brunette",,,
"ball-give-woman__hair__blonde",,,
"ball-give-woman__hair__black",,,
"ball-give-you","Take the ball.",,
"banana-store_small-backpack",,,
"banana-store_small-backpack__color__blue",,,
"banana-store_small-backpack__color__red",,,
"banana-put_in_bowl-bowl","Put the banana in the bowl.",,
"banana-store_small-box_opened",,,
"banana-store_small-cupboard",,,
"banana-store_small-shopping_cart",,,
"banana-store_small-suitcase",,,
"banana-store_small-suitcase__color__white",,,
"banana-store_small-suitcase__color__blue",,,
"banana-eat-you","Eat the banana.",,
"banana_peeled-store_small-backpack",,,
"banana_peeled-store_small-backpack__color__blue",,,
"banana_peeled-store_small-backpack__color__red",,,
"banana_peeled-put_in_bowl-bowl",,,
"banana_peeled-store_small-box_opened",,,
"banana_peeled-store_small-cupboard",,,
"banana_peeled-store_small-shopping_cart",,,
"banana_peeled-store_small-suitcase",,,
"banana_peeled-store_small-suitcase__color__white",,,
"banana_peeled-store_small-suitcase__color__blue",,,
"banana_peeled-eat-you","Eat the peeled banana.",,
"beanie-interact_clothes-clothes_line","Hang the beanie on the clothesline.",,
"beanie-interact_clothes-coat_rack",,,
"beanie-interact_clothes-washing_machine","Wash the beanie.",,
"beanie-interact_clothes-you","Put on the beanie.",,
"bed-move_furniture-apartment","Move the bed into the apartment.",,
"books-store_small-backpack","Put the books in the backpack.",,
"books-store_small-backpack__color__blue","Put the books in the blue backpack.",,
"books-store_small-backpack__color__red",,,
"books-store_small-box_opened","Put the books in the box.",,
"books-store_small-cupboard",,,
"books-store_small-shopping_cart",,,
"books-store_small-suitcase",,,
"books-store_small-suitcase__color__white",,,
"books-store_small-suitcase__color__blue",,,
"bottle-store_small-box_opened",,,
"bottle-store_small-cupboard","Put the bottle in the cabinet.",,
"bottle-store_small-shopping_cart",,,
"bottle-store_small-suitcase",,,
"bottle-store_small-suitcase__color__white",,,
"bottle-store_small-suitcase__color__blue",,,
"box_closed-move_furniture-apartment","Put the box into the apartment.",,
"bread-eat-you","Eat the bread.",,
"broccoli-store_small-backpack",,,
"broccoli-store_small-backpack__color__blue",,,
"broccoli-store_small-backpack__color__red",,,
"broccoli-put_in_bowl-bowl","Put the broccoli in the bowl.",,
"broccoli-store_small-box_opened",,,
"broccoli-store_small-cupboard",,,
"broccoli-store_small-shopping_cart",,,
"broccoli-store_small-suitcase",,,
"broccoli-store_small-suitcase__color__white",,,
"broccoli-store_small-suitcase__color__blue",,,
"broccoli-eat-you","Eat the broccoli.",,
"broccoli_half-store_small-backpack",,,
"broccoli_half-store_small-backpack__color__blue",,,
"broccoli_half-store_small-backpack__color__red",,,
"broccoli_half-put_in_bowl-bowl",,,
"broccoli_half-store_small-box_opened",,,
"broccoli_half-store_small-cupboard",,,
"broccoli_half-store_small-shopping_cart",,,
"broccoli_half-store_small-suitcase",,,
"broccoli_half-store_small-suitcase__color__white",,,
"broccoli_half-store_small-suitcase__color__blue",,,
"broccoli_half-eat-you",,,
"brush-store_small-backpack",,,
"brush-store_small-backpack__color__blue",,,
"brush-store_small-backpack__color__red",,,
"brush-store_small-box_opened",,,
"brush-store_small-cupboard",,,
"brush-paint_in-notebook","Paint in the notebook.",,
"brush-store_small-shopping_cart",,,
"brush-store_small-suitcase","Put the brush in the suitcase.",,
"brush-store_small-suitcase__color__white",,,
"brush-store_small-suitcase__color__blue",,,
"bus-drive_to-church","The bus goes to the church.",,
"bus-drive_to-house","The bus goes to the house.",,
"bus-drive_to-parking_lot",,,
"bus__size__big-drive_to-church",,,
"bus__size__big-drive_to-house",,,
"bus__size__big-drive_to-parking_lot",,,
"bus__color__blue-drive_to-church",,,
"bus__color__blue-drive_to-house",,,
"bus__color__blue-drive_to-parking_lot",,,
"cake-eat-you","Eat the cake.",,
"camera-take_photo-giraffe","Take a photo of the giraffe.",,
"camera-take_photo-snake","Take a photo of the snake.",,
"camera-take_photo-tortoise","Take a photo of the tortoise.",,
"cap-interact_clothes-clothes_line",,,
"cap-interact_clothes-coat_rack",,,
"cap-interact_clothes-washing_machine",,,
"cap-interact_clothes-you","Put on the cap.",,
"car-drive_to-church","Drive to the church.",,
"car__color__black-drive_to-church",,,
"car-drive_to-house","Drive to the house.",,
"car__color__black-drive_to-house","Park the car.",,
"car-drive_to-parking_lot",,,
"car__color__black-drive_to-parking_lot",,,
"car__color__blue-drive_to-church",,,
"car__color__blue-drive_to-house",,,
"car__color__blue-drive_to-parking_lot",,,
"car__color__green-drive_to-church",,,
"car__color__green-drive_to-house",,,
"car__color__green-drive_to-parking_lot",,,
"car__color__orange-drive_to-church",,,
"car__color__orange-drive_to-house",,,
"car__color__orange-drive_to-parking_lot",,,
"car__color__pink-drive_to-church",,,
"car__color__pink-drive_to-house",,,
"car__color__pink-drive_to-parking_lot",,,
"car__color__purple-drive_to-church",,,
"car__color__purple-drive_to-house",,,
"car__color__purple-drive_to-parking_lot",,,
"car__color__red-drive_to-church",,,
"car__color__red-drive_to-house",,,
"car__color__red-drive_to-parking_lot",,,
"car__color__silver-drive_to-church",,,
"car__color__silver-drive_to-house",,,
"car__color__silver-drive_to-parking_lot",,,
"car__color__white-drive_to-church",,,
"car__color__white-drive_to-house",,,
"car__color__white-drive_to-parking_lot",,,
"car__color__yellow-drive_to-church",,,
"car__age__new-drive_to-church",,,
"car__color__yellow-drive_to-house",,,
"car__age__new-drive_to-house",,,
"car__color__yellow-drive_to-parking_lot",,,
"car__age__new-drive_to-parking_lot",,,
"car__age__old-drive_to-church",,,
"car__age__old-drive_to-house",,,
"car__age__old-drive_to-parking_lot",,,
"car_key-put_in_bowl-bowl","Put the car key in the bowl.",,
"car_key-give-boy",,,
"car_key-give-brothers",,,
"car_key-give-couple",,,
"car_key-give-family",,,
"car_key-give-father_son",,,
"car_key-give-man","Give the car key to the man.",,
"car_key-give-siblings",,,
"car_key-give-sisters",,,
"car_key-give-woman","Give the car key to the woman.",,
"car_key-give-woman__position__standing",,,
"car_key-give-woman__position__sitting",,,
"car_key-give-woman__hair__brunette",,,
"car_key-give-woman__hair__blonde",,,
"car_key-give-woman__hair__black",,,
"car_key-give-you","Take the keys.",,
"car_keys-put_in_bowl-bowl",,,
"car_keys-give-boy",,,
"car_keys-give-brothers",,,
"car_keys-give-couple",,,
"car_keys-give-family",,,
"car_keys-give-father_son",,,
"car_keys-give-man",,,
"car_keys-give-siblings",,,
"car_keys-give-sisters",,,
"car_keys-give-woman",,,
"car_keys-give-woman__position__standing",,,
"car_keys-give-woman__position__sitting",,,
"car_keys-give-woman__hair__brunette",,,
"car_keys-give-woman__hair__blonde",,,
"car_keys-give-woman__hair__black",,,
"car_keys-give-you",,,
"cat-store_medium-car","Put the cat in the car.",,
"cat-store_medium-car__color__black","Put the cat in the black car.",,
"cat__color__grey-store_medium-car","Put the grey cat in the car.",,
"cat__color__grey-store_medium-car__color__black","Put the grey cat in the black car.",,
"cat-store_medium-car__color__blue","Put the cat in the blue car.",,
"cat__color__grey-store_medium-car__color__blue","Put the grey cat in the blue car.",,
"cat-store_medium-car__color__green","Put the cat in the green car.",,
"cat__color__grey-store_medium-car__color__green","Put the grey cat in the green car.",,
"cat-store_medium-car__color__orange","Put the cat in the orange car.",,
"cat__color__grey-store_medium-car__color__orange","Put the grey cat in the orange car.",,
"cat-store_medium-car__color__pink","Put the cat in the pink car.",,
"cat__color__grey-store_medium-car__color__pink","Put the grey cat in the pink car.",,
"cat-store_medium-car__color__purple","Put the cat in the purple car.",,
"cat__color__grey-store_medium-car__color__purple","Put the grey cat in the purple car.",,
"cat-store_medium-car__color__red","Put the cat in the red car.",,
"cat__color__grey-store_medium-car__color__red","Put the grey cat in the red car.",,
"cat-store_medium-car__color__silver","Put the cat in the silver car.",,
"cat__color__grey-store_medium-car__color__silver","Put the grey cat in the silver car.",,
"cat-store_medium-car__color__white","Put the cat in the white car.",,
"cat__color__grey-store_medium-car__color__white","Put the grey cat in the white car.",,
"cat-store_medium-car__color__yellow","Put the cat in the yellow car.",,
"cat-store_medium-car__age__new",,,
"cat__color__grey-store_medium-car__color__yellow","Put the grey cat in the yellow car.",,
"cat__color__grey-store_medium-car__age__new",,,
"cat-store_medium-car__age__old",,,
"cat__color__grey-store_medium-car__age__old",,,
"cat__color__brown-store_medium-car","Put the brown cat in the car.",,
"cat__color__brown-store_medium-car__color__black","Put the brown cat in the black car.",,
"cat__color__brown-store_medium-car__color__blue","Put the brown cat in the blue car.",,
"cat__color__brown-store_medium-car__color__green","Put the brown cat in the green car.",,
"cat__color__brown-store_medium-car__color__orange","Put the brown cat in the orange car.",,
"cat__color__brown-store_medium-car__color__pink","Put the brown cat in the pink car.",,
"cat__color__brown-store_medium-car__color__purple","Put the brown cat in the purple car.",,
"cat__color__brown-store_medium-car__color__red","Put the brown cat in the red car.",,
"cat__color__brown-store_medium-car__color__silver","Put the brown cat in the silver car.",,
"cat__color__brown-store_medium-car__color__white","Put the brown cat in the white car.",,
"cat__color__brown-store_medium-car__color__yellow","Put the brown cat in the yellow car.",,
"cat__color__brown-store_medium-car__age__new",,,
"cat__color__brown-store_medium-car__age__old",,,
"cat__color__white-store_medium-car","Put the white cat in the car.",,
"cat__color__white-store_medium-car__color__black","Put the white cat in the black car.",,
"cat__color__white-store_medium-car__color__blue","Put the white cat in the blue car.",,
"cat__color__white-store_medium-car__color__green","Put the white cat in the green car.",,
"cat__color__white-store_medium-car__color__orange","Put the white cat in the orange car.",,
"cat__color__white-store_medium-car__color__pink","Put the white cat in the pink car.",,
"cat__color__white-store_medium-car__color__purple","Put the white cat in the purple car.",,
"cat__color__white-store_medium-car__color__red","Put the white cat in the red car.",,
"cat__color__white-store_medium-car__color__silver","Put the white cat in the silver car.",,
"cat__color__white-store_medium-car__color__white","Put the white cat in the white car.",,
"cat__color__white-store_medium-car__color__yellow","Put the white cat in the yellow car.",,
"cat__color__white-store_medium-car__age__new",,,
"cat__color__white-store_medium-car__age__old",,,
"cat__color__black_white-store_medium-car",,,
"cat__color__black_white-store_medium-car__color__black",,,
"cat__color__black_white-store_medium-car__color__blue",,,
"cat__color__black_white-store_medium-car__color__green",,,
"cat__color__black_white-store_medium-car__color__orange",,,
"cat__color__black_white-store_medium-car__color__pink",,,
"cat__color__black_white-store_medium-car__color__purple",,,
"cat__color__black_white-store_medium-car__color__red",,,
"cat__color__black_white-store_medium-car__color__silver",,,
"cat__color__black_white-store_medium-car__color__white",,,
"cat__color__black_white-store_medium-car__color__yellow",,,
"cat__color__black_white-store_medium-car__age__new",,,
"cat__color__black_white-store_medium-car__age__old",,,
"cat_food-feed-cat","Feed the cat.",,
"cat_food-feed-cat__color__grey","Feed the grey cat.",,
"cat_food-feed-cat__color__brown","Feed the brown cat.",,
"cat_food-feed-cat__color__white","Feed the white cat.",,
"cat_food-feed-cat__color__black_white","Feed the black and white cat.",,
"cat_food-feed-dog","Feed the dog.",,
"cat_food-feed-dog__size__big","Feed the big dog.",,
"cat_food-feed-dog__size__small","Feed the small dog.",,
"clock-move_furniture-apartment","Move the clock into the apartment.",,
"coat_hanging-interact_clothes-clothes_line",,,
"coat_hanging-interact_clothes-coat_rack","Hang up the coat.",,
"coat_hanging-interact_clothes-washing_machine","Wash the coat.",,
"coat_hanging-interact_clothes-you",,,
"coconut-store_small-backpack",,,
"coconut-store_small-backpack__color__blue",,,
"coconut-store_small-backpack__color__red",,,
"coconut-put_in_bowl-bowl",,,
"coconut-store_small-box_opened",,,
"coconut-store_small-cupboard",,,
"coconut-store_small-shopping_cart",,,
"coconut-store_small-suitcase",,,
"coconut-store_small-suitcase__color__white",,,
"coconut-store_small-suitcase__color__blue",,,
"coconut-eat-you","Eat the coconut.",,
"comb-give-boy",,,
"comb-give-brothers",,,
"comb-give-couple",,,
"comb-give-family",,,
"comb-give-father_son",,,
"comb-comb-man",,,
"comb-give-man",,,
"comb-give-siblings",,,
"comb-give-sisters",,,
"comb-give-woman",,,
"comb-give-woman__position__standing",,,
"comb-give-woman__position__sitting",,,
"comb-give-woman__hair__brunette",,,
"comb-give-woman__hair__blonde",,,
"comb-give-woman__hair__black",,,
"comb-comb-you","Comb your hair.",,
"comb-give-you",,,
"cucumber_piece-store_small-backpack",,,
"cucumber_piece-store_small-backpack__color__blue",,,
"cucumber_piece-store_small-backpack__color__red",,,
"cucumber_piece-put_in_bowl-bowl",,,
"cucumber_piece-store_small-box_opened",,,
"cucumber_piece-store_small-cupboard",,,
"cucumber_piece-store_small-shopping_cart",,,
"cucumber_piece-store_small-suitcase",,,
"cucumber_piece-store_small-suitcase__color__white",,,
"cucumber_piece-store_small-suitcase__color__blue",,,
"cucumber_piece-eat-you",,,
"cup_coffee-drink-you","Drink the coffee.",,
"cupboard-move_furniture-apartment","Move the cabinet into the apartment.",,
"doll-give-boy","Give the doll to the boy.",,
"doll-give-brothers",,,
"doll-give-couple",,,
"doll-give-family",,,
"doll-give-father_son",,,
"doll-give-man",,,
"doll-give-siblings",,,
"doll-give-sisters","Give the doll to the sisters.",,
"doll-give-woman",,,
"doll-give-woman__position__standing",,,
"doll-give-woman__position__sitting",,,
"doll-give-woman__hair__brunette",,,
"doll-give-woman__hair__blonde",,,
"doll-give-woman__hair__black",,,
"doll-give-you",,,
"dress-interact_clothes-clothes_line","Hang the dress on the clothesline.",,
"dress-interact_clothes-coat_rack",,,
"dress-interact_clothes-washing_machine","Wash the dress.",,
"dress-interact_clothes-you",,,
"family-go_to-church",,,
"family-go_to-flag_egypt",,,
"family-go_to-flag_germany",,,
"family-go_to-flag_jordan",,,
"family-go_to-house","The family goes into the house.",,
"fan-move_furniture-apartment",,,
"fan-store_medium-car","Put the fan in the car.",,
"fan-store_medium-car__color__black",,,
"fan-store_medium-car__color__blue",,,
"fan-store_medium-car__color__green",,,
"fan-store_medium-car__color__orange",,,
"fan-store_medium-car__color__pink",,,
"fan-store_medium-car__color__purple",,,
"fan-store_medium-car__color__red",,,
"fan-store_medium-car__color__silver",,,
"fan-store_medium-car__color__white",,,
"fan-store_medium-car__color__yellow",,,
"fan-store_medium-car__age__new",,,
"fan-store_medium-car__age__old",,,
"flower-give-boy",,,
"flower-give-brothers",,,
"flower-give-couple",,,
"flower-give-family",,,
"flower-give-father_son",,,
"flower-give-man",,,
"flower-give-siblings",,,
"flower-give-sisters",,,
"flower-give-woman",,,
"flower-give-woman__position__standing",,,
"flower-give-woman__position__sitting",,,
"flower-give-woman__hair__brunette",,,
"flower-give-woman__hair__blonde",,,
"flower-give-woman__hair__black",,,
"flower-give-you",,,
"gelato-eat-you","Eat the ice cream.",,
"glass-store_small-backpack",,,
"glass-store_small-backpack__color__blue",,,
"glass-store_small-backpack__color__red",,,
"glass-store_small-box_opened","Put the glass in the box.",,
"glass-store_small-cupboard","Put the glass in the cupboard.",,
"glass-store_small-shopping_cart",,,
"glass-store_small-suitcase",,,
"glass-store_small-suitcase__color__white",,,
"glass-store_small-suitcase__color__blue",,,
"glasses-put_on_accessoire-you","Put on the glasses.",,
"globe-move_furniture-apartment","Put the globe in the apartment.",,
"globe-store_medium-car",,,
"globe-store_medium-car__color__black",,,
"globe-store_medium-car__color__blue",,,
"globe-store_medium-car__color__green",,,
"globe-store_medium-car__color__orange",,,
"globe-store_medium-car__color__pink",,,
"globe-store_medium-car__color__purple",,,
"globe-store_medium-car__color__red",,,
"globe-store_medium-car__color__silver",,,
"globe-store_medium-car__color__white",,,
"globe-store_medium-car__color__yellow",,,
"globe-store_medium-car__age__new",,,
"globe-store_medium-car__age__old",,,
"hair_brush-store_small-backpack",,,
"hair_brush-store_small-backpack__color__blue",,,
"hair_brush-store_small-backpack__color__red",,,
"hair_brush-store_small-box_opened",,,
"hair_brush-store_small-cupboard",,,
"hair_brush-brush-man",,,
"hair_brush-store_small-shopping_cart",,,
"hair_brush-store_small-suitcase",,,
"hair_brush-store_small-suitcase__color__white",,,
"hair_brush-store_small-suitcase__color__blue",,,
"hair_brush-brush-woman",,,
"hair_brush-brush-woman__position__standing",,,
"hair_brush-brush-woman__position__sitting",,,
"hair_brush-brush-woman__hair__brunette","The brunette woman brushes her hair.",,
"hair_brush-brush-woman__hair__blonde","The blonde woman brushes her hair.",,
"hair_brush-brush-woman__hair__black",,,
"hair_brush-brush-you",,,
"hair_dryer-store_small-backpack",,,
"hair_dryer-store_small-backpack__color__blue",,,
"hair_dryer-store_small-backpack__color__red",,,
"hair_dryer-store_small-box_opened",,,
"hair_dryer-store_small-cupboard",,,
"hair_dryer-dry_hair-man","The man dries his hair.",,
"hair_dryer-store_small-shopping_cart",,,
"hair_dryer-store_small-suitcase","Put the hair dryer in the suitcase.",,
"hair_dryer-store_small-suitcase__color__white","Put the hair dryer in the white suitcase.",,
"hair_dryer-store_small-suitcase__color__blue","Put the hair dryer in the blue suitcase.",,
"hammer-give-boy",,,
"hammer-give-brothers",,,
"hammer-give-couple",,,
"hammer-give-family",,,
"hammer-give-father_son",,,
"hammer-give-man",,,
"hammer-give-siblings",,,
"hammer-give-sisters",,,
"hammer-give-woman","Give the hammer to the woman.",,
"hammer-give-woman__position__standing",,,
"hammer-give-woman__position__sitting",,,
"hammer-give-woman__hair__brunette",,,
"hammer-give-woman__hair__blonde",,,
"hammer-give-woman__hair__black",,,
"hammer-give-you","Take the hammer.",,
"hand_pull-peel-banana","Peel the banana.",,
"hand_pull-pull-box_closed","Open the box.",,
"hand_pull-pet-cat","Pet the cat.",,
"hand_pull-pet-cat__color__grey","Pet the grey cat.",,
"hand_pull-pet-cat__color__brown","Pet the brown cat.",,
"hand_pull-pet-cat__color__white","Pet the white cat.",,
"hand_pull-pet-cat__color__black_white","Pet the black and white cat.",,
"hand_pull-pet-dog","Pet the dog.",,
"hand_pull-pet-dog__size__big","Pet the big dog.",,
"hand_pull-pet-dog__size__small","Pet the small dog.",,
"hand_pull-pull-door_red_open","Close the door.",,
"hand_pull-pull-mustang_closed","Open the car door.",,
"hand_push-push-box_opened","Close the box.",,
"hand_push-push_open-door_red_closed","Open the door.",,
"hand_push-push-mustang_open","Close the car door.",,
"hat-give-boy","Give the hat to the boy.",,
"hat-give-brothers",,,
"hat-store_medium-car",,,
"hat-store_medium-car__color__black",,,
"hat-store_medium-car__color__blue",,,
"hat-store_medium-car__color__green",,,
"hat-store_medium-car__color__orange",,,
"hat-store_medium-car__color__pink",,,
"hat-store_medium-car__color__purple",,,
"hat-store_medium-car__color__red",,,
"hat-store_medium-car__color__silver",,,
"hat-store_medium-car__color__white",,,
"hat-store_medium-car__color__yellow",,,
"hat-store_medium-car__age__new",,,
"hat-store_medium-car__age__old",,,
"hat-interact_clothes-clothes_line",,,
"hat-interact_clothes-coat_rack","Hang up the hat.",,
"hat-give-couple",,,
"hat-give-family",,,
"hat-give-father_son",,,
"hat-give-man",,,
"hat-give-siblings",,,
"hat-give-sisters",,,
"hat-interact_clothes-washing_machine",,,
"hat-give-woman","Give the woman the hat.",,
"hat-give-woman__position__standing",,,
"hat-give-woman__position__sitting",,,
"hat-give-woman__hair__brunette",,,
"hat-give-woman__hair__blonde",,,
"hat-give-woman__hair__black",,,
"hat-interact_clothes-you","Put on the hat.",,
"hat-give-you","Take the hat.",,
"honeymelon-store_small-backpack",,,
"honeymelon-store_small-backpack__color__blue",,,
"honeymelon-store_small-backpack__color__red",,,
"honeymelon-put_in_bowl-bowl",,,
"honeymelon-store_small-box_opened",,,
"honeymelon-store_small-cupboard",,,
"honeymelon-store_small-shopping_cart","Put the honeydew melon in the shopping cart.",,
"honeymelon-store_small-suitcase",,,
"honeymelon-store_small-suitcase__color__white",,,
"honeymelon-store_small-suitcase__color__blue",,,
"honeymelon-eat-you","Eat the honeydew melon.",,
"honeymelon_cut-store_small-backpack",,,
"honeymelon_cut-store_small-backpack__color__blue",,,
"honeymelon_cut-store_small-backpack__color__red",,,
"honeymelon_cut-put_in_bowl-bowl",,,
"honeymelon_cut-store_small-box_opened",,,
"honeymelon_cut-store_small-cupboard",,,
"honeymelon_cut-store_small-shopping_cart",,,
"honeymelon_cut-store_small-suitcase",,,
"honeymelon_cut-store_small-suitcase__color__white",,,
"honeymelon_cut-store_small-suitcase__color__blue",,,
"honeymelon_cut-eat-you",,,
"jam-store_small-backpack",,,
"jam-store_small-backpack__color__blue",,,
"jam-store_small-backpack__color__red",,,
"jam-store_small-box_opened",,,
"jam-store_small-cupboard","Put the jam in the cabinet.",,
"jam-store_small-shopping_cart","Put the jam in the shopping cart.",,
"jam-store_small-suitcase",,,
"jam-store_small-suitcase__color__white",,,
"jam-store_small-suitcase__color__blue",,,
"jeans-interact_clothes-clothes_line","Hang the jeans on the clothesline.",,
"jeans__color__dark_blue-interact_clothes-clothes_line","Hang the dark blue jeans on the clothesline.",,
"jeans-interact_clothes-coat_rack",,,
"jeans__color__dark_blue-interact_clothes-coat_rack",,,
"jeans-interact_clothes-washing_machine","Wash the jeans. ",,
"jeans__color__dark_blue-interact_clothes-washing_machine","Wash the dark blue jeans.",,
"jeans-interact_clothes-you","Put on the jeans.",,
"jeans__color__dark_blue-interact_clothes-you","Put on the dark blue jeans.",,
"jeans__color__light_blue-interact_clothes-clothes_line","Hang the light blue jeans on the clothesline.",,
"jeans__color__light_blue-interact_clothes-coat_rack",,,
"jeans__color__light_blue-interact_clothes-washing_machine","Wash the light blue jeans.",,
"jeans__color__light_blue-interact_clothes-you","Put on the light blue jeans.",,
"key-give-boy",,,
"key-give-brothers",,,
"key-give-couple",,,
"key-give-family",,,
"key-give-father_son",,,
"key-give-man","Give the man the key.",,
"key-give-siblings",,,
"key-give-sisters",,,
"key-give-woman","Give the woman the key.",,
"key-give-woman__position__standing",,,
"key-give-woman__position__sitting",,,
"key-give-woman__hair__brunette",,,
"key-give-woman__hair__blonde",,,
"key-give-woman__hair__black",,,
"key-give-you",,,
"kiwi-store_small-backpack",,,
"kiwi-store_small-backpack__color__blue",,,
"kiwi-store_small-backpack__color__red",,,
"kiwi-put_in_bowl-bowl","Put the kiwi in the bowl.",,
"kiwi-store_small-box_opened",,,
"kiwi-store_small-cupboard",,,
"kiwi-store_small-shopping_cart","Put the kiwi in the shopping cart.",,
"kiwi-store_small-suitcase",,,
"kiwi-store_small-suitcase__color__white",,,
"kiwi-store_small-suitcase__color__blue",,,
"kiwi-eat-you","Eat the kiwi.",,
"kiwi_cut-store_small-backpack",,,
"kiwi_cut-store_small-backpack__color__blue",,,
"kiwi_cut-store_small-backpack__color__red",,,
"kiwi_cut-put_in_bowl-bowl",,,
"kiwi_cut-store_small-box_opened",,,
"kiwi_cut-store_small-cupboard",,,
"kiwi_cut-store_small-shopping_cart",,,
"kiwi_cut-store_small-suitcase",,,
"kiwi_cut-store_small-suitcase__color__white",,,
"kiwi_cut-store_small-suitcase__color__blue",,,
"kiwi_cut-eat-you",,,
"knife-cut-apple","Cut the apple.",,
"knife-cut-avocado","Cut the avocado.",,
"knife-give-boy","Give the knife to the boy.",,
"knife-cut-broccoli","Cut the broccoli.",,
"knife-give-brothers","Give the knife to the brothers.",,
"knife-give-couple","Give the knife to the couple.",,
"knife-give-family","Give the knife to the family.",,
"knife-give-father_son","Give the knife to the father and son.",,
"knife-cut-honeymelon","Cut the honeydew melon.",,
"knife-cut-kiwi","Cut the kiwi.",,
"knife-cut-lemon","Cut the lemon.",,
"knife-give-man","Give the man the knife.",,
"knife-cut-mango","Cut the mango.",,
"knife-cut-melon_whole","Cut the melon.",,
"knife-cut-onion","Cut the onion.",,
"knife-give-siblings",,,
"knife-give-sisters",,,
"knife-give-woman",,,
"knife-give-woman__position__standing",,,
"knife-give-woman__position__sitting",,,
"knife-give-woman__hair__brunette",,,
"knife-give-woman__hair__blonde",,,
"knife-give-woman__hair__black",,,
"knife-give-you","Take the knife.",,
"kufiyyeh-interact_clothes-clothes_line","Hang the keffiyeh on the clothesline.",,
"kufiyyeh-interact_clothes-coat_rack",,,
"kufiyyeh-interact_clothes-washing_machine","Wash the keffiyeh.",,
"kufiyyeh-interact_clothes-you",,,
"laptop-give-boy",,,
"laptop-give-brothers",,,
"laptop-give-couple",,,
"laptop-give-family",,,
"laptop-give-father_son",,,
"laptop-give-man",,,
"laptop-give-siblings",,,
"laptop-give-sisters",,,
"laptop-give-woman","Give the woman the laptop.",,
"laptop-give-woman__position__standing",,,
"laptop-give-woman__position__sitting",,,
"laptop-give-woman__hair__brunette",,,
"laptop-give-woman__hair__blonde",,,
"laptop-give-woman__hair__black",,,
"laptop-give-you",,,
"lemon-store_small-backpack",,,
"lemon-store_small-backpack__color__blue",,,
"lemon-store_small-backpack__color__red",,,
"lemon-put_in_bowl-bowl","Put the lemon in the bowl.",,
"lemon-store_small-box_opened",,,
"lemon-store_small-cupboard",,,
"lemon-store_small-shopping_cart","Put the lemon in the shopping cart.",,
"lemon-store_small-suitcase",,,
"lemon-store_small-suitcase__color__white",,,
"lemon-store_small-suitcase__color__blue",,,
"lemon-eat-you",,,
"lemon_cut-store_small-backpack",,,
"lemon_cut-store_small-backpack__color__blue",,,
"lemon_cut-store_small-backpack__color__red",,,
"lemon_cut-put_in_bowl-bowl",,,
"lemon_cut-store_small-box_opened",,,
"lemon_cut-store_small-cupboard",,,
"lemon_cut-store_small-shopping_cart",,,
"lemon_cut-store_small-suitcase",,,
"lemon_cut-store_small-suitcase__color__white",,,
"lemon_cut-store_small-suitcase__color__blue",,,
"lemon_cut-eat-you",,,
"mango-store_small-backpack",,,
"mango-store_small-backpack__color__blue",,,
"mango-store_small-backpack__color__red",,,
"mango-put_in_bowl-bowl","Put the mango in the bowl.",,
"mango-store_small-box_opened",,,
"mango-store_small-cupboard",,,
"mango-store_small-shopping_cart",,,
"mango-store_small-suitcase",,,
"mango-store_small-suitcase__color__white",,,
"mango-store_small-suitcase__color__blue",,,
"mango-eat-you","Eat the mango.",,
"mango_cut-store_small-backpack",,,
"mango_cut-store_small-backpack__color__blue",,,
"mango_cut-store_small-backpack__color__red",,,
"mango_cut-put_in_bowl-bowl",,,
"mango_cut-store_small-box_opened",,,
"mango_cut-store_small-cupboard",,,
"mango_cut-store_small-shopping_cart",,,
"mango_cut-store_small-suitcase",,,
"mango_cut-store_small-suitcase__color__white",,,
"mango_cut-store_small-suitcase__color__blue",,,
"mango_cut-eat-you",,,
"melon_cut-store_small-backpack",,,
"melon_cut-store_small-backpack__color__blue",,,
"melon_cut-store_small-backpack__color__red",,,
"melon_cut-put_in_bowl-bowl",,,
"melon_cut-store_small-box_opened",,,
"melon_cut-store_small-cupboard",,,
"melon_cut-store_small-shopping_cart",,,
"melon_cut-store_small-suitcase",,,
"melon_cut-store_small-suitcase__color__white",,,
"melon_cut-store_small-suitcase__color__blue",,,
"melon_cut-eat-you",,,
"melon_whole-store_small-backpack",,,
"melon_whole-store_small-backpack__color__blue",,,
"melon_whole-store_small-backpack__color__red",,,
"melon_whole-put_in_bowl-bowl",,,
"melon_whole-store_small-box_opened",,,
"melon_whole-store_small-cupboard",,,
"melon_whole-store_small-shopping_cart","Put the melon in the shopping cart.",,
"melon_whole-store_small-suitcase",,,
"melon_whole-store_small-suitcase__color__white",,,
"melon_whole-store_small-suitcase__color__blue",,,
"melon_whole-eat-you",,,
"notebook-store_small-box_opened","Put the notebook in the box.",,
"notebook-store_small-cupboard",,,
"notebook-store_small-shopping_cart",,,
"notebook-store_small-suitcase",,,
"notebook-store_small-suitcase__color__white",,,
"notebook-store_small-suitcase__color__blue",,,
"nutcracker-crack_nut-walnut","Crack the walnut.",,
"onion-store_small-backpack",,,
"onion-store_small-backpack__color__blue",,,
"onion-store_small-backpack__color__red",,,
"onion-put_in_bowl-bowl","Put the onion in the bowl.",,
"onion-store_small-box_opened",,,
"onion-store_small-cupboard",,,
"onion-store_small-shopping_cart",,,
"onion-store_small-suitcase",,,
"onion-store_small-suitcase__color__white",,,
"onion-store_small-suitcase__color__blue",,,
"onion-eat-you",,,
"onion_cut-store_small-backpack",,,
"onion_cut-store_small-backpack__color__blue",,,
"onion_cut-store_small-backpack__color__red",,,
"onion_cut-put_in_bowl-bowl",,,
"onion_cut-store_small-box_opened",,,
"onion_cut-store_small-cupboard",,,
"onion_cut-store_small-shopping_cart",,,
"onion_cut-store_small-suitcase",,,
"onion_cut-store_small-suitcase__color__white",,,
"onion_cut-store_small-suitcase__color__blue",,,
"onion_cut-eat-you",,,
"pear-store_small-backpack","Put the pear in the backpack.",,
"pear-store_small-backpack__color__blue",,,
"pear-store_small-backpack__color__red",,,
"pear-put_in_bowl-bowl",,,
"pear-store_small-box_opened",,,
"pear-store_small-cupboard",,,
"pear-store_small-shopping_cart",,,
"pear-store_small-suitcase",,,
"pear-store_small-suitcase__color__white",,,
"pear-store_small-suitcase__color__blue",,,
"pear-eat-you","Eat the pear.",,
"pencil-write-notebook","Write in the notebook.",,
"phone-give-boy",,,
"phone-give-brothers","Give the brothers the phone.",,
"phone-give-couple","Give the family the phone.",,
"phone-give-family",,,
"phone-give-father_son",,,
"phone-give-man",,,
"phone-give-siblings",,,
"phone-give-sisters",,,
"phone-give-woman",,,
"phone-give-woman__position__standing",,,
"phone-give-woman__position__sitting",,,
"phone-give-woman__hair__brunette",,,
"phone-give-woman__hair__blonde",,,
"phone-give-woman__hair__black",,,
"phone-give-you",,,
"piano-move_furniture-apartment","Move the piano into the apartment.",,
"pillow-put_in_bedding-bed","Put the pillow on the bed.",,
"pineapple-store_small-backpack",,,
"pineapple-store_small-backpack__color__blue",,,
"pineapple-store_small-backpack__color__red",,,
"pineapple-put_in_bowl-bowl",,,
"pineapple-store_small-box_opened",,,
"pineapple-store_small-cupboard",,,
"pineapple-store_small-shopping_cart","Put the pineapple in the shopping cart.",,
"pineapple-store_small-suitcase",,,
"pineapple-store_small-suitcase__color__white",,,
"pineapple-store_small-suitcase__color__blue",,,
"pineapple-eat-you",,,
"pizza-eat-you","Eat the pizza.",,
"pot_cactus-move_furniture-apartment","Put the cactus in the apartment.",,
"pot_flower-move_furniture-apartment","Put the flower in the apartment.",,
"pot_plant-move_furniture-apartment","Put the potted plant in the apartment.",,
"ring-give-boy",,,
"ring-give-brothers",,,
"ring-give-couple","Give the couple the ring.",,
"ring-give-family",,,
"ring-give-father_son",,,
"ring-give-man",,,
"ring-give-siblings",,,
"ring-give-sisters",,,
"ring-give-woman",,,
"ring-give-woman__position__standing",,,
"ring-give-woman__position__sitting",,,
"ring-give-woman__hair__brunette",,,
"ring-give-woman__hair__blonde",,,
"ring-give-woman__hair__black",,,
"ring-put_on_accessoire-you","Put on the ring.",,
"ring-give-you",,,
"sakko-interact_clothes-clothes_line",,,
"sakko-interact_clothes-coat_rack",,,
"sakko-interact_clothes-washing_machine",,,
"sakko-interact_clothes-you",,,
"shirt-store_small-backpack",,,
"shirt-store_small-backpack__color__blue","Put the shirt in the blue backpack.",,
"shirt-store_small-box_opened","Put the shirt in the box.",,
"shirt-interact_clothes-clothes_line","Hang the shirt on the clothesline.",,
"shirt-interact_clothes-coat_rack",,,
"shirt-store_small-cupboard",,,
"shirt-store_small-shopping_cart",,,
"shirt-store_small-suitcase",,,
"shirt-store_small-suitcase__color__white",,,
"shirt-store_small-suitcase__color__blue","Put the shirt in the blue suitcase.",,
"shirt-interact_clothes-washing_machine","Wash the shirt.",,
"shirt-interact_clothes-you","Put on the shirt.",,
"shoes-store_small-box_opened",,,
"shoes-store_small-cupboard",,,
"shoes-store_small-shopping_cart",,,
"shoes-store_small-suitcase","Put the shoes in the suitcase.",,
"shoes-store_small-suitcase__color__white",,,
"shoes-store_small-suitcase__color__blue",,,
"shoes-put_on_accessoire-you","Put the shoes on.",,
"stool-move_furniture-apartment","Move the stool into the apartment.",,
"suitcase-store_medium-car","Put the suitcase in the car.",,
"suitcase-store_medium-car__color__black","Put the suitcase in the black car.",,
"suitcase__color__white-store_medium-car","Put the white suitcase in the car.",,
"suitcase__color__white-store_medium-car__color__black","Put the white suitcase in the black car.",,
"suitcase-store_medium-car__color__blue","Put the suitcase in the blue car.",,
"suitcase__color__white-store_medium-car__color__blue","Put the white suitcase in the blue car.",,
"suitcase-store_medium-car__color__green","Put the suitcase in the green car.",,
"suitcase__color__white-store_medium-car__color__green","Put the white suitcase in the green car.",,
"suitcase-store_medium-car__color__orange","Put the suitcase in the orange car.",,
"suitcase__color__white-store_medium-car__color__orange","Put the white suitcase in the orange car.",,
"suitcase-store_medium-car__color__pink","Put the suitcase in the pink car.",,
"suitcase__color__white-store_medium-car__color__pink","Put the white suitcase in the pink car.",,
"suitcase-store_medium-car__color__purple","Put the suitcase in the purple car.",,
"suitcase__color__white-store_medium-car__color__purple","Put the white suitcase in the purple car.",,
"suitcase-store_medium-car__color__red","Put the suitcase in the red car.",,
"suitcase__color__white-store_medium-car__color__red","Put the white suitcase in the red car.",,
"suitcase-store_medium-car__color__silver","Put the suitcase in the silver car.",,
"suitcase__color__white-store_medium-car__color__silver","Put the white suitcase in the silver car.",,
"suitcase-store_medium-car__color__white","Put the suitcase in the white car.",,
"suitcase__color__white-store_medium-car__color__white","Put the white suitcase in the white car.",,
"suitcase-store_medium-car__color__yellow","Put the suitcase in the yellow car.",,
"suitcase-store_medium-car__age__new","Put the suitcase in the new car.",,
"suitcase__color__white-store_medium-car__color__yellow","Put the white suitcase in the yellow car.",,
"suitcase__color__white-store_medium-car__age__new","Put the white suitcase in the new car.",,
"suitcase-store_medium-car__age__old","Put the suitcase in the old car.",,
"suitcase__color__white-store_medium-car__age__old","Put the white suitcase in the old car.",,
"suitcase__color__blue-store_medium-car","Put the blue suitcase in the car.",,
"suitcase__color__blue-store_medium-car__color__black","Put the blue suitcase in the black car.",,
"suitcase__color__blue-store_medium-car__color__blue","Put the blue suitcase in the blue car.",,
"suitcase__color__blue-store_medium-car__color__green","Put the blue suitcase in the green car.",,
"suitcase__color__blue-store_medium-car__color__orange","Put the blue suitcase in the orange car.",,
"suitcase__color__blue-store_medium-car__color__pink","Put the blue suitcase in the pink car.",,
"suitcase__color__blue-store_medium-car__color__purple","Put the blue suitcase in the purple car.",,
"suitcase__color__blue-store_medium-car__color__red","Put the blue suitcase in the red car.",,
"suitcase__color__blue-store_medium-car__color__silver","Put the blue suitcase in the silver car.",,
"suitcase__color__blue-store_medium-car__color__white","Put the blue suitcase in the white car.",,
"suitcase__color__blue-store_medium-car__color__yellow","Put the blue suitcase in the yellow car.",,
"suitcase__color__blue-store_medium-car__age__new","Put the blue suitcase in the new car.",,
"suitcase__color__blue-store_medium-car__age__old","Put the blue suitcase in the old car.",,
"table-move_furniture-apartment","Move the table into the apartment.",,
"teddy-put_in_bedding-bed","Put the teddy on the bed.",,
"teddy-give-boy",,,
"teddy-give-brothers",,,
"teddy-give-couple",,,
"teddy-give-family",,,
"teddy-give-father_son",,,
"teddy-give-man",,,
"teddy-give-siblings","Give the teddy to the siblings.",,
"teddy-give-sisters","Give the teddy to the sisters.",,
"teddy-give-woman",,,
"teddy-give-woman__position__standing",,,
"teddy-give-woman__position__sitting",,,
"teddy-give-woman__hair__brunette",,,
"teddy-give-woman__hair__blonde",,,
"teddy-give-woman__hair__black",,,
"teddy-give-you",,,
"toddler-put_child-bed","Put the toddler on the bed.",,
"toddler-put_child-stroller","Put the toddler in the stroller.",,
"towels_folded-store_small-backpack","Put the towels in the backpack.",,
"towels_folded-store_small-backpack__color__blue",,,
"towels_folded-store_small-backpack__color__red",,,
"towels_folded-store_small-box_opened",,,
"towels_folded-store_small-cupboard",,,
"towels_folded-store_small-shopping_cart",,,
"towels_folded-store_small-suitcase",,,
"towels_folded-store_small-suitcase__color__white",,,
"towels_folded-store_small-suitcase__color__blue",,,
"toy-give-boy","Give the toy to the boy.",,
"toy-give-brothers",,,
"toy-give-couple",,,
"toy-give-family",,,
"toy-give-father_son",,,
"toy-give-man",,,
"toy-give-siblings",,,
"toy-give-sisters","Give the toy to the sisters.",,
"toy-give-woman",,,
"toy-give-woman__position__standing",,,
"toy-give-woman__position__sitting",,,
"toy-give-woman__hair__brunette",,,
"toy-give-woman__hair__blonde",,,
"toy-give-woman__hair__black",,,
"toy-give-you",,,
"tractor-drive_to-church",,,
"tractor-drive_to-house","Drive the tractor to the house.",,
"tractor-drive_to-parking_lot",,,
"truck-drive_to-church",,,
"truck-drive_to-house","The truck drives to the house.",,
"truck-drive_to-parking_lot","Park the truck.",,
"tuktuk-drive_to-church",,,
"tuktuk-drive_to-house",,,
"tuktuk-drive_to-parking_lot","Park the tuktuk.",,
"umbrella-store_medium-car","Put the umbrella in the car.",,
"umbrella-store_medium-car__color__black",,,
"umbrella-store_medium-car__color__blue",,,
"umbrella-store_medium-car__color__green",,,
"umbrella-store_medium-car__color__orange",,,
"umbrella-store_medium-car__color__pink",,,
"umbrella-store_medium-car__color__purple","Put the umbrella in the purple car.",,
"umbrella-store_medium-car__color__red","Put the umbrella in the red car.",,
"umbrella-store_medium-car__color__silver",,,
"umbrella-store_medium-car__color__white",,,
"umbrella-store_medium-car__color__yellow",,,
"umbrella-store_medium-car__age__new",,,
"umbrella-store_medium-car__age__old",,,
"vase-move_furniture-apartment","Put the vase in the apartment.",,
"walnut-put_in_bowl-bowl",,,
"walnut_half-store_small-backpack",,,
"walnut_half-store_small-backpack__color__blue",,,
"walnut_half-store_small-backpack__color__red",,,
"walnut_half-put_in_bowl-bowl",,,
"walnut_half-store_small-box_opened",,,
"walnut_half-store_small-cupboard",,,
"walnut_half-store_small-shopping_cart",,,
"walnut_half-store_small-suitcase",,,
"walnut_half-store_small-suitcase__color__white",,,
"walnut_half-store_small-suitcase__color__blue",,,
"walnut_half-eat-you","Eat the walnut.",,
"watch-put_on_accessoire-you",,,
"water_bottle-drink-you","Drink some water.",,
"wedding_ring-store_small-backpack",,,
"wedding_ring-store_small-backpack__color__blue",,,
"wedding_ring-store_small-backpack__color__red",,,
"wedding_ring-store_small-box_opened","Put the wedding ring in the box.",,
"wedding_ring-store_small-cupboard",,,
"wedding_ring-store_small-shopping_cart",,,
"wedding_ring-store_small-suitcase",,,
"wedding_ring-store_small-suitcase__color__white",,,
"wedding_ring-store_small-suitcase__color__blue",,,
"woman-go_to-church","The woman goes to church.",,
"woman__position__standing-go_to-church",,,
"woman-go_to-flag_egypt",,,
"woman__position__standing-go_to-flag_egypt",,,
"woman-go_to-flag_germany",,,
"woman__position__standing-go_to-flag_germany",,,
"woman-go_to-flag_jordan",,,
"woman__position__standing-go_to-flag_jordan",,,
"woman-go_to-house",,,
"woman__position__standing-go_to-house",,,
"woman__position__sitting-go_to-church",,,
"woman__position__sitting-go_to-flag_egypt",,,
"woman__position__sitting-go_to-flag_germany",,,
"woman__position__sitting-go_to-flag_jordan",,,
"woman__position__sitting-go_to-house",,,
"woman__hair__brunette-go_to-church",,,
"woman__hair__brunette-go_to-flag_egypt",,,
"woman__hair__brunette-go_to-flag_germany",,,
"woman__hair__brunette-go_to-flag_jordan",,,
"woman__hair__brunette-go_to-house",,,
"woman__hair__blonde-go_to-church",,,
"woman__hair__blonde-go_to-flag_egypt",,,
"woman__hair__blonde-go_to-flag_germany",,,
"woman__hair__blonde-go_to-flag_jordan",,,
"woman__hair__blonde-go_to-house",,,
"woman__hair__black-go_to-church",,,
"woman__hair__black-go_to-flag_egypt",,,
"woman__hair__black-go_to-flag_germany",,,
"woman__hair__black-go_to-flag_jordan",,,
"woman__hair__black-go_to-house",,,
"you-get_in-bus","Get in the bus.",,
"you-get_in-bus__size__big","Get in the big bus.",,
"you-get_in-bus__color__blue","Get in the blue bus.",,
"you-get_in-car","Get in the car.",,
"you-get_in-car__color__black","Get in the black clar.",,
"you-get_in-car__age__new","Get in the new car.",,
"you-go_to-church","Go to the church.",,
"you-go_to-flag_egypt","Go to the Egyptian flag.",,
"you-go_to-flag_germany","Go to the German flag.",,
"you-go_to-flag_jordan","Go to the Jordanian flag.",,
"you-go_to-house","Go into the house.",,
"you-get_in-plane","Board the plane.",,
"you-get_in-taxi","Get in the taxi.",,
"you-get_in-tractor","Get in the tractor.",,
"you-get_in-tuktuk","Get in the tuktuk.",,
